id,user_id,message,response,created_at
d0f62f39-019f-4dbb-a087-28243e606a66,a41464c2-565b-4b41-8d60-15e5f1efb614,"I have completed BCA from IBM kolkata. Now, what should I do?","Congratulations on completing your BCA from IBM Kolkata!  Now you have several options, depending on your interests and career goals. Here's a breakdown to help you decide:

**1. Further Education:**

* **MCA (Master of Computer Applications):** This is a common next step for BCA graduates, deepening your technical expertise and opening doors to more senior roles.  Consider universities with good placements.
* **MBA (Master of Business Administration):** If you're interested in management and leadership roles within the IT sector, an MBA could be beneficial.
* **Specialized Master's Degrees:**  Consider masters in areas like Data Science, Cybersecurity, Artificial Intelligence, Cloud Computing, or Software Engineering, depending on your interests and the growing job market.
* **PhD:** If research and academia appeal to you, a PhD could be a path to a research or teaching career.


**2. Job Opportunities:**

* **Entry-level IT roles:**  Your BCA from IBM Kolkata should give you a solid foundation to apply for roles like:
    * Software Developer/Engineer
    * Web Developer
    * Database Administrator
    * System Administrator
    * Network Engineer
    * IT Support Specialist
    * Data Analyst (depending on your coursework)
* **Look at job portals:** Sites like LinkedIn, Naukri.com, Indeed.com, and others will have many openings.  Tailor your resume and cover letter to each specific job.
* **Network:** Utilize your IBM Kolkata network – alumni, professors, and career services – for potential leads and mentorship.
* **Internships:**  Even if you've had internships before, consider more specialized internships to gain experience in a particular area you are interested in.


**3. Skill Development:**

* **Programming Languages:** Focus on mastering popular languages like Python, Java, C++, JavaScript, etc.  The specific languages will depend on the job roles you target.
* **Technical Skills:** Develop expertise in databases (SQL, NoSQL), cloud platforms (AWS, Azure, GCP), cybersecurity tools, or other relevant technologies.
* **Soft Skills:**  Enhance communication, teamwork, problem-solving, and time management skills – these are crucial for success in any IT role.
* **Certifications:**  Consider industry-recognized certifications like CompTIA A+, Network+, Security+, or vendor-specific certifications (e.g., AWS Certified Cloud Practitioner).  These can boost your resume and demonstrate expertise.


**4. Freelancing/Entrepreneurship:**

* **Freelancing:** If you're independent and enjoy working on projects, consider freelancing on platforms like Upwork or Fiverr.
* **Start-up:** If you have a strong business idea, consider starting your own IT-related business.


**Before you decide:**

* **Self-assessment:** What are your strengths and weaknesses? What kind of work environment do you prefer? What are your long-term career aspirations?
* **Market research:**  Research current job market trends and the demand for different IT skills.
* **Networking:**  Talk to professionals in the field to learn about different career paths and gain insights.


In short, you have many options.  The best choice depends on your individual goals and preferences.  Start by researching the possibilities, developing your skills, and networking to find the right path for you.
",2025-05-06T14:15:44.604971
229ea83c-c2ac-4071-88f2-550c92348238,a41464c2-565b-4b41-8d60-15e5f1efb614,What is your name?,"I don't have a name.
",2025-05-06T14:16:30.746813
e1c7a421-4c9d-483d-a6b8-c2d9ba3b9ac8,a41464c2-565b-4b41-8d60-15e5f1efb614,I am Priyanka,"Hello Priyanka!  It's nice to meet you.
",2025-05-06T14:16:38.537402
350fba39-f073-4070-98fd-3072d035528f,a41464c2-565b-4b41-8d60-15e5f1efb614,What is my name?,"I do not know your name. I have no access to personal information about you unless you explicitly provide it to me.
",2025-05-06T14:16:45.376171
253afd60-f79e-4a49-b813-088e7fca46ea,20f608a4-d0bd-4e48-a263-9cec80218b8c,"I want to pursue an MBA course, and I am currently serving as an active employee. What type of MBA shall I do ?","The best type of MBA for you while working depends on several factors: your career goals, your learning style, your budget, and your available time.  Let's break down the options:

**1. Part-time MBA:** This is generally the most popular option for working professionals.  It allows you to continue your job while pursuing your degree.  There are several formats:

* **Evening/Weekend programs:** Classes are held in the evenings or on weekends, fitting around a typical workday.
* **Online MBA:** This offers maximum flexibility, allowing you to study at your own pace and schedule. However, the lack of in-person interaction might be a downside for some.
* **Hybrid MBA:** A blend of online and in-person classes.  This gives you flexibility while still allowing for some face-to-face interaction with professors and classmates.

**Pros of Part-time MBA:**

* **Maintain current income:** You continue earning while studying.
* **Practical experience:** You can apply what you learn directly to your current role.
* **Networking opportunities:** You'll connect with other working professionals.

**Cons of Part-time MBA:**

* **Longer completion time:**  It typically takes longer to complete than a full-time program.
* **Time commitment:** Requires significant time management and dedication outside of work.
* **Potential career advancement limitations:**  You might miss out on promotions that require full-time dedication.


**2. Full-time MBA:** This is a more intensive program, requiring you to leave your current job.

**Pros of Full-time MBA:**

* **Immersive experience:**  Provides a deep dive into business concepts.
* **Stronger networking:**  Close interaction with peers and faculty.
* **Faster completion:**  Typically completed in one or two years.
* **Potentially higher salaries post-graduation:**  Companies often recruit heavily from full-time MBA programs.


**Cons of Full-time MBA:**

* **Loss of income:**  You'll need to forgo your current salary during the program.
* **Career disruption:**  A significant career interruption.
* **Higher cost:**  Full-time programs are often more expensive.


**3. Executive MBA (EMBA):** Designed for experienced senior managers and executives.  Typically part-time and requires a significant level of professional experience.

**Pros of EMBA:**

* **Peer learning:**  Classes are filled with experienced professionals, creating valuable networking opportunities.
* **High-level curriculum:**  Focuses on strategic management and leadership skills.
* **Prestige:**  Highly valued by employers.

**Cons of EMBA:**

* **High cost:**  EMBAs are usually the most expensive option.
* **Significant time commitment:**  Although part-time, it still demands considerable time and effort.
* **High entry requirements:**  Typically requires many years of significant work experience.


**To decide which type is best for you:**

1. **Define your career goals:** What do you hope to achieve with an MBA?  A promotion? A career change? Starting your own business?  This will influence the type of program that best suits your needs.
2. **Assess your finances:**  Can you afford the tuition fees and living expenses while foregoing your current salary (for a full-time program)?
3. **Evaluate your time constraints:**  How much time can you realistically dedicate to studying outside of work?
4. **Research programs:** Look into different schools and their program offerings.  Consider location, curriculum, faculty, and networking opportunities.

Ultimately, the decision depends on your individual circumstances and aspirations. A thorough self-assessment and careful research will help you choose the right MBA path.  Consider talking to current MBA students or alumni for insights.
",2025-05-06T17:29:21.773134
df03a650-9379-4eef-81f7-6dfeb0669df0,20f608a4-d0bd-4e48-a263-9cec80218b8c,"I want to pursue an MBA course, and I am currently serving as an active employee. What type of MBA shall I do ?","The best type of MBA for you depends on your career goals and industry.  Consider these options:

* **Full-time MBA:**  Requires leaving your current job, offers immersive learning and strong networking.
* **Part-time/Executive MBA:** Allows you to continue working, ideal for career advancement within your current field.  Executive MBAs often target senior professionals.
* **Online MBA:** Flexible learning, but may lack the networking opportunities of in-person programs.

Research programs aligning with your aspirations before making a decision.
",2025-05-06T17:45:53.412625
325187a4-550d-4ed9-a2b5-c05ef93eda2d,20f608a4-d0bd-4e48-a263-9cec80218b8c,"I want to pursue an MBA course, and I am currently serving as an active employee. What type of MBA shall I do ?","The best type of MBA for you depends on your career goals and industry.  Consider these options:

* **Full-time MBA:**  Requires leaving your current job, offering intensive learning and strong networking.  Best if you want a significant career change.

* **Part-time MBA:** Allows you to continue working.  Good if you want to advance in your current field.  Evening or weekend classes are common.

* **Executive MBA (EMBA):** Designed for experienced professionals, often with a focus on leadership and strategic management.  Typically more expensive and rigorous.

* **Online MBA:** Offers flexibility but requires strong self-discipline.  Networking may be less robust than in-person programs.


Research programs that align with your industry and career aspirations before making a decision.
",2025-05-06T17:46:51.930174
e8670eab-9cb9-4bbd-be4c-9e1bcd906d19,20f608a4-d0bd-4e48-a263-9cec80218b8c,"I want to pursue an MBA course, and I am currently serving as an active employee. What type of MBA shall I do ?","That's great you're considering an MBA while working!  It's a smart move to enhance your career prospects.  However, the ""type"" of MBA that's best for you depends heavily on your current role, your career aspirations, and your learning style.  Let's explore some options:

**1.  Full-Time MBA:** This is the traditional route, requiring you to leave your current job for typically two years.  It's intensive and offers a strong network building opportunity. This is best if:

* **You want a complete career change:**  Moving into a completely different industry or function might benefit from the immersive experience a full-time MBA provides.
* **You're ambitious and want top-tier recruiting:**  Top business schools offer excellent placement services, often leading to high-paying roles.
* **You can afford to take a break from work:**  This involves foregoing your current salary and potentially incurring significant student loan debt.


**2. Part-Time MBA:** This option allows you to continue working while attending classes evenings or weekends. It typically takes longer to complete (3-5 years). This is ideal if:

* **You want to apply your learning immediately:** You can integrate what you learn directly into your current role.
* **You need to maintain a steady income:**  This eliminates the financial strain of a full-time program.
* **You prefer a more flexible learning schedule:**  Balancing work and studies is possible, but requires excellent time management.


**3. Executive MBA (EMBA):**  These programs are designed for experienced professionals, often senior managers, and are typically more intensive and shorter than a full-time MBA, usually one to two years but are held on weekends, or a few days a month..  This option is best if:

* **You have significant management experience:** EMBA programs focus on advanced strategic leadership.
* **You want to accelerate your career to senior management:**  It's specifically designed to help you advance to C-suite roles.
* **Your company may sponsor your education:** Many companies see the value and will offer financial assistance.


**4. Online MBA:**  These programs offer flexibility and affordability.  The quality can vary significantly, so research the accreditation and reputation carefully. This is best if:

* **Geographic location is a constraint:** You can study anywhere with an internet connection.
* **You need maximum flexibility:** You can study at your own pace and schedule.
* **Cost is a major factor:** Online programs are often more affordable than traditional programs.


**To help me give you more specific advice, tell me:**

* **What is your current job role and industry?**
* **What are your long-term career goals?** (e.g.,  specific job title, industry, level of responsibility)
* **What is your budget and financial situation?**
* **How much time can you commit to studying each week?**

Once I have this information, I can provide more tailored recommendations on the type of MBA program that will best support your career aspirations.
",2025-05-06T17:49:33.886956
75c20b0d-0029-48ba-9d4c-24f6844b87c8,20f608a4-d0bd-4e48-a263-9cec80218b8c,"I want to pursue an MBA course, and I am currently serving as an active employee. What type of MBA shall I do ?","Given you're a working professional, a **part-time MBA** or **executive MBA (EMBA)** would be most suitable.  Consider an EMBA if you have significant management experience; otherwise, a part-time MBA offers flexibility.  Examples:  A part-time MBA in Finance could boost your career in accounting, while an EMBA in Healthcare Management could help you advance in hospital administration.
",2025-05-06T17:50:29.232683
2387f454-53ee-4905-b14a-6b30d6f5f912,20f608a4-d0bd-4e48-a263-9cec80218b8c,"I want to pursue an MBA course, and I am currently serving as an active employee. What type of MBA shall I do ?","Given your background in AI engineering and your current role, a specialized MBA focusing on **technology management** or **digital transformation** would be a strong choice.  This would leverage your existing skills and experience while providing the business acumen needed for leadership roles.  Alternatively, an **MBA with a focus on entrepreneurship** could be beneficial if you're interested in starting your own AI-related company.
",2025-05-06T18:05:49.138134
12a2badc-262c-41a4-bc35-04bf8cadb254,20f608a4-d0bd-4e48-a263-9cec80218b8c,"I want to pursue an MBA course, and I am currently serving as an active employee. What type of MBA shall I do ?","Given your tech background and experience, a **general MBA** or an **MBA with a specialization in technology management** would be suitable.  A general MBA broadens your business acumen, while a tech-focused MBA leverages your existing skills.

For example, you could consider a full-time MBA (requiring a career break) or a part-time/executive MBA (allowing you to continue working).  Research programs that offer online or evening classes to fit your schedule.
",2025-05-07T07:43:44.218895
91d5215c-46dd-4687-a470-5ec9c0a85a28,20f608a4-d0bd-4e48-a263-9cec80218b8c,"As I've completed my B.Tech and according to my profile, what should I do?","Given your skills and experience, consider these options:

1. **Data Science/Analytics:** Leverage your Java and Python skills.  Pursue relevant certifications (e.g., Data Science certifications from Coursera, edX) and look for data analyst or data scientist roles.

2. **Software Engineering (Advanced):**  Focus on specializing in a niche area like cloud computing or DevOps.  Gain experience with relevant frameworks and technologies and aim for senior software engineer positions.
",2025-05-07T07:44:23.570246
4ea1b78e-2028-4c15-9c12-aac25a0f50f1,20f608a4-d0bd-4e48-a263-9cec80218b8c,"As I've completed my B.Tech and according to my profile, what should I do?","Given your skills and experience, consider these options:

1. **Data Science/Analytics:** Leverage your Java and Python skills. Pursue relevant certifications (e.g., Google Data Analytics Professional Certificate) and explore roles like Data Analyst or Data Scientist.

2. **Senior Java Developer Role:**  Gain more experience and aim for a senior role in a larger company, potentially specializing in a niche area like cloud technologies.
",2025-05-07T08:45:31.056502
4bdf30bc-a7fb-4ea1-bb61-4c0dfff65aea,20f608a4-d0bd-4e48-a263-9cec80218b8c,"As I've completed my B.Tech and according to my profile, what should I do?","Given your skills and experience, consider these options:

1. **Data Science/Analytics:** Leverage your Java and Python skills.  Pursue relevant certifications (e.g., AWS Certified Machine Learning – Specialty) and look for Data Scientist or Data Analyst roles.

2. **Senior Java Developer Role:** Gain more experience. Focus on specialization (e.g., Spring Boot, Microservices) to increase your earning potential.  Consider a Master's in Computer Science if you want advanced roles later.
",2025-05-07T08:54:20.964669
